{
  "$schema": "https://developer.microsoft.com/json-schemas/core-build/serve.schema.json",
  "port": 4321,
  "https": true,
  "serveConfigurations": {
    "default": {
      "pageUrl": "https://samplee.sharepoint.com/sites/Test/SitePages/Home.aspx",
      "customActions": {
        "27864496-5e69-4e14-a6d9-7de1ab9eabdc": {
          "location": "ClientSideExtension.ApplicationCustomizer",
          "properties": {
            "testMessage": "Test message"
          }
        }
      }
    },
    "helloSpExtension": {
      "pageUrl": "https://samplee.sharepoint.com/sites/Test/SitePages/Home.aspx",
      "customActions": {
        "27864496-5e69-4e14-a6d9-7de1ab9eabdc": {
          "location": "ClientSideExtension.ApplicationCustomizer",
          "properties": {
            "testMessage": "Test message"
          }
        }
      }
    }
  }
}
