{"id":"183ffdb0-c799-414b-af4c-4ed7421a1520","alias":"CarouselWebPart","componentType":"WebPart","version":"0.0.1","manifestVersion":2,"requiresCustomScript":false,"supportsFullBleed":true,"supportedHosts":["SharePointWebPart"],"preconfiguredEntries":[{"groupId":"5c03119e-3074-46fd-976b-c60198311f70","group":{"default":"Other"},"title":{"default":"carousel"},"description":{"default":"carousel description"},"officeFabricIconFontName":"Page","properties":{"description":"carousel"}}],"loaderConfig":{"entryModuleId":"carousel-web-part","internalModuleBaseUrls":["<!-- PATH TO CDN -->/"],"scriptResources":{"carousel-web-part":{"type":"path","path":"carousel-web-part_bccb6faa0651473562735ad5bb85dd14.js"},"CarouselWebPartStrings":{"defaultPath":"imagecarousel-carouselwebpartstrings_en-us_536e65149b0acf4d52c0043073b9fc59.js","type":"localizedPath","paths":{}},"@microsoft/sp-property-pane":{"type":"component","version":"1.11.0","id":"f9e737b7-f0df-4597-ba8c-3060f82380db"},"@microsoft/sp-webpart-base":{"type":"component","version":"1.11.0","id":"974a7777-0990-4136-8fa6-95d80114c2e0"},"react":{"type":"component","version":"16.8.5","id":"0d910c1c-13b9-4e1c-9aa4-b008c5e42d7d"},"react-dom":{"type":"component","version":"16.8.5","id":"aa0a46ec-1505-43cd-a44a-93f3a5aa460a"},"@microsoft/sp-http":{"type":"component","version":"1.11.0","id":"c07208f0-ea3b-4c1a-9965-ac1b825211a6"}}}}