{"id":"27864496-5e69-4e14-a6d9-7de1ab9eabdc","alias":"HelloSpExtensionApplicationCustomizer","componentType":"Extension","extensionType":"ApplicationCustomizer","version":"0.0.1","manifestVersion":2,"requiresCustomScript":false,"loaderConfig":{"entryModuleId":"hello-sp-extension-application-customizer","internalModuleBaseUrls":["<!-- PATH TO CDN -->/"],"scriptResources":{"hello-sp-extension-application-customizer":{"type":"path","path":"hello-sp-extension-application-customizer_b871f76fe9065b1d195daaaf5c9de3f5.js"},"@microsoft/sp-application-base":{"type":"component","version":"1.11.0","id":"4df9bb86-ab0a-4aab-ab5f-48bf167048fb"},"@microsoft/decorators":{"type":"component","version":"1.11.0","id":"f97266fb-ccb7-430e-9384-4124d05295d3"}}}}