{"id":"4440a9c9-68b4-4198-b602-b0ed6470940e","alias":"MegamenuApplicationCustomizer","componentType":"Extension","extensionType":"ApplicationCustomizer","version":"0.0.1","manifestVersion":2,"requiresCustomScript":false,"loaderConfig":{"entryModuleId":"megamenu-application-customizer","internalModuleBaseUrls":["<!-- PATH TO CDN -->/"],"scriptResources":{"megamenu-application-customizer":{"type":"path","path":"megamenu-application-customizer_e1a6a2cfe0c4e2a817b45f5441509af3.js"},"jquery":{"type":"path","path":"jquery_dc5e7f18c8d36ac1d3d4753a87c98d0a.js"},"MegamenuApplicationCustomizerStrings":{"defaultPath":"mega-menu-global-megamenuapplicationcustomizerstrings_en-us_cc9f7313d9946d14d7f509cbc5172200.js","type":"localizedPath","paths":{}},"@microsoft/sp-application-base":{"type":"component","version":"1.11.0","id":"4df9bb86-ab0a-4aab-ab5f-48bf167048fb"},"@microsoft/sp-core-library":{"type":"component","version":"1.11.0","id":"7263c7d0-1d6a-45ec-8d85-d4d1d234171b"},"react":{"type":"component","version":"16.8.5","id":"0d910c1c-13b9-4e1c-9aa4-b008c5e42d7d"},"react-dom":{"type":"component","version":"16.8.5","id":"aa0a46ec-1505-43cd-a44a-93f3a5aa460a"},"@microsoft/decorators":{"type":"component","version":"1.11.0","id":"f97266fb-ccb7-430e-9384-4124d05295d3"}}}}